{
  "token_acc":1.0,
  "token_p":1.0,
  "token_r":1.0,
  "token_f":1.0,
  "ents_p":0.9138223191,
  "ents_r":0.9092003854,
  "ents_f":0.9115054932,
  "ents_per_type":{
    "ORG":{
      "p":0.8563181527,
      "r":0.834375,
      "f":0.8452041785
    },
    "OTHER_PERSON":{
      "p":0.910390516,
      "r":0.8917349727,
      "f":0.9009661836
    },
    "WITNESS":{
      "p":0.9271168274,
      "r":0.9211927583,
      "f":0.9241452991
    },
    "GPE":{
      "p":0.8912466844,
      "r":0.8506329114,
      "f":0.8704663212
    },
    "STATUTE":{
      "p":0.9310344828,
      "r":0.9461994077,
      "f":0.9385556916
    },
    "DATE":{
      "p":0.9691504509,
      "r":0.9705323194,
      "f":0.9698408929
    },
    "PROVISION":{
      "p":0.9335572975,
      "r":0.9466313399,
      "f":0.940048863
    },
    "COURT":{
      "p":0.9393258427,
      "r":0.9417949681,
      "f":0.9405587849
    },
    "PRECEDENT":{
      "p":0.8688981869,
      "r":0.8154450262,
      "f":0.8413234301
    },
    "CASE_NUMBER":{
      "p":0.7936384794,
      "r":0.8811369509,
      "f":0.8351020408
    },
    "PETITIONER":{
      "p":0.9124256444,
      "r":0.8420250076,
      "f":0.8758128469
    },
    "JUDGE":{
      "p":0.9721099434,
      "r":0.962384954,
      "f":0.9672230042
    },
    "RESPONDENT":{
      "p":0.858569438,
      "r":0.8859333813,
      "f":0.8720367968
    },
    "LAWYER":{
      "p":0.9538201161,
      "r":0.963605276,
      "f":0.9586877278
    }
  },
  "speed":26853.9957643853
}